[
    {
        "id": "1",
        "title": "Python para Iniciantes",
        "language": "Python",
        "description": "Python para pessoas que nunca programaram",
        "level": "iniciante",
        "duration": "30",
        "price": "45.00",
        "instructor_id": "iarjf3492fjafka-3rama",
        "image": "python-iniciantes.png"
    },
    {
        "id": "2",
        "title": "Gravação de Vídeo",
        "language": "Youtube",
        "description": "Aprenda com o Brabo! a Ser um youtuber renomado!!!!",
        "level": "iniciante",
        "duration": "20",
        "price": "650.00",
        "instructor_id": "513561611111",
        "image": "gravacao-de-video.png"
    },
    {
        "id": "3",
        "title": "Lógica de Programação",
        "language": "Portugol",
        "description": "Aprenda os fundamentos da programação com uma linguagem simples para iniciantes.",
        "level": "iniciante",
        "duration": "23",
        "price": "30",
        "instructor_id": "123242345",
        "image": "logica-de-programacao.png"
    },
    {
        "id": "4",
        "title": "Desenvolvimento de Jogos com C#",
        "language": "C#",
        "description": "Um curso para devs que sonham criar seus próprios jogos!",
        "level": "intermediario",
        "duration": "74",
        "price": "80",
        "instructor_id": "2424242",
        "image": "jogos-c.png"
    },
    {
        "id": "5",
        "title": "Desenvolvedor FullStack Java",
        "language": "Java",
        "description": "Um curso para devs que sonham criar seus próprios jogos!",
        "level": "avancado",
        "duration": "74",
        "price": "80",
        "instructor_id": "2424242",
        "image": "desenvolvimento-java.png"
    },
    {
        "id": "6",
        "title": "Desenvolvimento Web Avançado com React",
        "language": "JavaScript",
        "description": "Domine o React e crie aplicações web complexas e de alta performance.",
        "level": "avancado",
        "duration": "80",
        "price": "120",
        "instructor_id": "4545454",
        "image": "react-curso.png"
    },
    {
        "id": "7",
        "title": "Desenvolvimento de Jogos 2D com Godot",
        "language": "GDScript",
        "description": "Crie seu primeiro jogo 2D do zero com a engine de código aberto Godot.",
        "level": "iniciante",
        "duration": "50",
        "price": "70",
        "instructor_id": "7878787",
        "image": "godot-jogos.png"
    },
    {
        "id": "8",
        "title": "Automação de Tarefas com C# e .NET",
        "language": "C#",
        "description": "Aprenda a criar scripts e pequenas aplicações para automatizar seu trabalho.",
        "level": "intermediario",
        "duration": "45",
        "price": "65",
        "instructor_id": "9191919",
        "image": "automacao-c.png"
    },
    {
        "id": "9",
        "title": "Microsserviços com Spring Boot e Kubernetes",
        "language": "Java",
        "description": "Construa e orquestre uma arquitetura de microsserviços robusta na nuvem.",
        "level": "avancado",
        "duration": "95",
        "price": "150",
        "instructor_id": "2424242",
        "image": "spring.png"
    },
    {
        "id": "10",
        "title": "Aprendendo a Programar WEB com a Mirtillo",
        "language": "WEB (html,css,js)",
        "description": "Aprenda a programar WEB com a Empresa Mirtillo!",
        "level": "iniciante",
        "duration": "20",
        "price": "25",
        "instructor_id": "e83516ad-9f4d-47a8-836b-740b599e31b5",
        "image": "f693f8e37bf1437f9c5d343c1ae91bfe_Logo_Mirtillo.png"
    }
]