[
    {
        "id": "e83516ad-9f4d-47a8-836b-740b599e31b5",
        "name": "André Gritten",
        "email": "andre@gmail.com",
        "password": "$2b$12$g.EmSvJ5l/9qwOQK8OZXz.709U9o3RKSiYT5Ip6PtzSrqqwH2UrJC",
        "user_type": "admin"
    },
    {
        "id": "579f2eeb-9f1d-4db7-8a6e-ccd3fae10b86",
        "name": "Maicris Fernandes",
        "email": "maicris@gmail.com",
        "password": "$2b$12$HXwNv9G8FS0FOcMRnxG40.TE0g.YoPOZfAbpaQmCdinYEwvEtcvdi",
        "user_type": "admin"
    },
    {
        "id": "e85f1920-8b46-4f49-91f4-870bcda81220",
        "name": "Gustavo Giacoia",
        "email": "gukumagai@gmail.com",
        "password": "$2b$12$Za4gMCatasS/WY3CD3gl7OiEof5VqzCGS3OkRNgLar7vK8gJgdkIG",
        "user_type": "admin"
    },
    {
        "id": "fb014565-a02d-4250-9a59-0bdfa9eddb9c",
        "name": "Gus Instrutor",
        "email": "kumagai@gmail.com",
        "password": "$2b$12$XmbkYMNvTXdnC3vPyi/SquW1VSadcQzXzOQd1GYidalMdcmV0gCH.",
        "user_type": "instrutor"
    }
]